{
  "@class" : "org.jasig.cas.services.RegexRegisteredService",
  "serviceId" : "^https://www.apereo.org",
  "name" : "Apereo",
  "theme" : "apereo",
  "id" : 10000002,
  "description" : "Apereo foundation sample service",
  "proxyPolicy" : {
    "@class" : "org.jasig.cas.services.RefuseRegisteredServiceProxyPolicy"
  },
  "evaluationOrder" : 1,
  "usernameAttributeProvider" : {
    "@class" : "org.jasig.cas.services.DefaultRegisteredServiceUsernameProvider"
  },
  "logoutType" : "BACK_CHANNEL",
  "attributeReleasePolicy" : {
    "@class" : "org.jasig.cas.services.ReturnAllowedAttributeReleasePolicy",
    "principalAttributesRepository" : {
      "@class" : "org.jasig.cas.authentication.principal.DefaultPrincipalAttributesRepository"
    },
    "authorizedToReleaseCredentialPassword" : false,
    "authorizedToReleaseProxyGrantingTicket" : false
  },
  "accessStrategy" : {
    "@class" : "org.jasig.cas.services.DefaultRegisteredServiceAccessStrategy",
    "enabled" : true,
    "ssoEnabled" : true
  }
 
}